Datetime,Water Level (m)
2026-06-10 06:00:00,-0.265087
2026-06-10 07:00:00,-0.107522875
2026-06-10 08:00:00,0.1626299
2026-06-10 09:00:00,0.47717583
2026-06-10 10:00:00,0.78527623
2026-06-10 11:00:00,0.98648834
2026-06-10 12:00:00,0.99673885
2026-06-10 13:00:00,0.7854989
2026-06-10 14:00:00,0.4659919
2026-06-10 15:00:00,0.12424997
2026-06-10 16:00:00,-0.21413904
2026-06-10 17:00:00,-0.4870534
2026-06-10 18:00:00,-0.62468636
2026-06-10 19:00:00,-0.56066096
2026-06-10 20:00:00,-0.2646038
2026-06-10 21:00:00,0.11427161
2026-06-10 22:00:00,0.5209302
2026-06-10 23:00:00,0.88790536
2026-06-11 00:00:00,1.1063668
2026-06-11 01:00:00,1.1261557
2026-06-11 02:00:00,0.91096145
2026-06-11 03:00:00,0.58493775
2026-06-11 04:00:00,0.24663897
2026-06-11 05:00:00,-0.06463977
2026-06-11 06:00:00,-0.2871408
2026-06-11 07:00:00,-0.35030878
2026-06-11 08:00:00,-0.21046717
2026-06-11 09:00:00,0.09243696
2026-06-11 10:00:00,0.43673843
2026-06-11 11:00:00,0.7664332
2026-06-11 12:00:00,0.99484617
2026-06-11 13:00:00,1.031363
2026-06-11 14:00:00,0.8422389
2026-06-11 15:00:00,0.5194545
2026-06-11 16:00:00,0.13561109
2026-06-11 17:00:00,-0.2505803
2026-06-11 18:00:00,-0.5667683
2026-06-11 19:00:00,-0.7489267
2026-06-11 20:00:00,-0.6980214
2026-06-11 21:00:00,-0.3327367
2026-06-11 22:00:00,0.12375672
2026-06-11 23:00:00,0.6015341
2026-06-12 00:00:00,1.0208709
2026-06-12 01:00:00,1.262158
2026-06-12 02:00:00,1.2667754
2026-06-12 03:00:00,1.0495925
2026-06-12 04:00:00,0.6992899
2026-06-12 05:00:00,0.30412295
2026-06-12 06:00:00,-0.05687748
2026-06-12 07:00:00,-0.34887463
2026-06-12 08:00:00,-0.4880499
2026-06-12 09:00:00,-0.3800459
2026-06-12 10:00:00,-0.02656671
2026-06-12 11:00:00,0.38568622
2026-06-12 12:00:00,0.77104974
2026-06-12 13:00:00,1.0368897
2026-06-12 14:00:00,1.0808281
2026-06-12 15:00:00,0.8561429
2026-06-12 16:00:00,0.48969752
2026-06-12 17:00:00,0.081171006
2026-06-12 18:00:00,-0.32608706
2026-06-12 19:00:00,-0.6550387
2026-06-12 20:00:00,-0.83320206
2026-06-12 21:00:00,-0.7590865
2026-06-12 22:00:00,-0.35818604
2026-06-12 23:00:00,0.12570906
2026-06-13 00:00:00,0.647811
2026-06-13 01:00:00,1.127269
2026-06-13 02:00:00,1.3961161
2026-06-13 03:00:00,1.3942016
2026-06-13 04:00:00,1.1055692
2026-06-13 05:00:00,0.6822372
2026-06-13 06:00:00,0.24515341
2026-06-13 07:00:00,-0.1554183
2026-06-13 08:00:00,-0.47892296
2026-06-13 09:00:00,-0.6278751
2026-06-13 10:00:00,-0.49453336
2026-06-13 11:00:00,-0.079158776
2026-06-13 12:00:00,0.3783759
2026-06-13 13:00:00,0.80131173
2026-06-13 14:00:00,1.0985106
2026-06-13 15:00:00,1.1424229
2026-06-13 16:00:00,0.88407475
2026-06-13 17:00:00,0.49424198
2026-06-13 18:00:00,0.061012696
2026-06-13 19:00:00,-0.3650577
2026-06-13 20:00:00,-0.7045059
2026-06-13 21:00:00,-0.8860198
2026-06-13 22:00:00,-0.7762066
2026-06-13 23:00:00,-0.30556855
2026-06-14 00:00:00,0.2341899
2026-06-14 01:00:00,0.8187032
2026-06-14 02:00:00,1.3105906
2026-06-14 03:00:00,1.5668885
2026-06-14 04:00:00,1.519059
2026-06-14 05:00:00,1.1705272
2026-06-14 06:00:00,0.6979464
2026-06-14 07:00:00,0.22758399
2026-06-14 08:00:00,-0.2044273
2026-06-14 09:00:00,-0.52846515
2026-06-14 10:00:00,-0.67380595
2026-06-14 11:00:00,-0.50285876
2026-06-14 12:00:00,-0.039178792
2026-06-14 13:00:00,0.4431385
2026-06-14 14:00:00,0.8910714
2026-06-14 15:00:00,1.1773038
2026-06-14 16:00:00,1.1812613
2026-06-14 17:00:00,0.88153493
2026-06-14 18:00:00,0.44961554
2026-06-14 19:00:00,-0.010896684
2026-06-14 20:00:00,-0.44007573
2026-06-14 21:00:00,-0.7849506
2026-06-14 22:00:00,-0.9436719
2026-06-14 23:00:00,-0.7349659
2026-06-15 00:00:00,-0.21502745
2026-06-15 01:00:00,0.3642392
2026-06-15 02:00:00,0.9673389
2026-06-15 03:00:00,1.4535472
2026-06-15 04:00:00,1.6647612
2026-06-15 05:00:00,1.5513437
2026-06-15 06:00:00,1.1466423
2026-06-15 07:00:00,0.645552
2026-06-15 08:00:00,0.15575154
2026-06-15 09:00:00,-0.28117013
2026-06-15 10:00:00,-0.6053974
2026-06-15 11:00:00,-0.7342948
2026-06-15 12:00:00,-0.5021461
2026-06-15 13:00:00,0.0013650231
2026-06-15 14:00:00,0.5091227
2026-06-15 15:00:00,0.96624315
2026-06-15 16:00:00,1.2356582
2026-06-15 17:00:00,1.1830084
2026-06-15 18:00:00,0.8269614
2026-06-15 19:00:00,0.37569886
2026-06-15 20:00:00,-0.0903236
2026-06-15 21:00:00,-0.51073307
2026-06-15 22:00:00,-0.821273
2026-06-15 23:00:00,-0.91950953
2026-06-16 00:00:00,-0.63427895
2026-06-16 01:00:00,-0.1061521
2026-06-16 02:00:00,0.4804707
2026-06-16 03:00:00,1.0817775
2026-06-16 04:00:00,1.5429157
2026-06-16 05:00:00,1.7138826
2026-06-16 06:00:00,1.5516967
